id_venda,campanha_original,valor_venda,mes_venda,obs
V1,PUNTA CANA VIDEO 01,2000000,2025-08,
V2,PUNTA CANA VIDEO 01,664384.24,2025-09,
V3,[BARRA VIEW][SANDRA][VIDEO02],898169.70,2025-11,data corrigida p/ 30/11/2025 (Michel confirmou; erro de digitacao no export)
V4,[ALICERCE][AYA][VIDEO03],1530846.55,2026-01,
V5,[ALICERCE][AYA][VIDEO03],1150000,2026-01,
V6,[PERSONALITE][BRCON][VIDEO1],1399004,2026-02,
V7,PUNTA CANA,500000,2026-03,"PUNTA CANA vs VIDEO 01 vs OESTE: mesma campanha?"
V8,PUNTA CANA OESTE,831000,2026-04,
V9,PUNTA CANA,550000,2026-03,
